"Policy1","Policy2","Policy3","MSA","BaselineAdjDeaths","BaselineAdjEmpHours","Deaths","EmpHoursLost","Population"
"NP","EO","NP","1600","0","0","25648.8598898072","80428836.3252112","4880444.02556479"
"NP","EO","EO","1600","-0.858614983639146","0.465298781657617","3626.36447515763","117852275.877472","4880444.02556479"
"NP","EO","AS","1600","-0.836547709928834","0.115337219555679","4192.36488670345","89705274.6790598","4880444.02556479"
"NP","EO","I60","1600","-0.798696786812946","-0.110885314550267","5163.19791040274","71510459.5103782","4880444.02556479"
"NP","EO","WFH","1600","-0.824444726468734","-0.241444079863386","4502.79261372021","61009769.9441877","4880444.02556479"
"NP","EO","CR","1600","-0.745071127866141","-0.150096469350553","6538.63492322791","68356751.9588235","4880444.02556479"
