"Policy1","Policy2","Policy3","Policy4","MSA","BaselineAdjDeaths","BaselineAdjCases","BaselineAdjEmpDays","Deaths","Case","EmpDaysLost","Population","Death5_17","Death18_49","Death50_59","Death60_69","Death70_79","Death80","Case5_17","Case18_49","Case50_59","Case60_69","Case70_79","Case80"
"W4-S3-N3-B2-R2-P2-F2-E2-M4","W1-S1-N1-B1-R1-P1-F1-E2-M1","W2-S1-N1-B1-R2-P1-F1-E2-M1","W4-S1-N2-B2-R2-P2-F1-E2-M1","5600","0","0","0","44913.2711699212","4027285.24027971","280887329.798176","16178094.0768558","91.9672873046144","3651.45457568219","6044.74972049914","17623.9767969919","7914.97348951703","9586.14929992628","646845.799785857","2071177.72240559","647202.426425009","403783.560205346","150405.49159587","107870.239862038"
"W4-S3-N3-B2-R2-P2-F2-E2-M4","W1-S1-N1-B1-R1-P1-F1-E2-M1","W2-S1-N1-B1-R2-P1-F1-E2-M1","W4-S3-N3-B2-R2-P2-F2-E2-M1","5600","0.00888507678860018","0.0896203238284106","0.00157778090935712","45312.3290330932","4388211.84766296","281330508.464812","16178094.0768558","107.037617423891","3685.99259945697","6079.48238142817","17749.0350363214","8001.29043393525","9689.49096452747","932714.617984507","2122244.56194537","657241.477742675","411299.234094635","154188.322569366","110523.633326407"
"W4-S3-N3-B2-R2-P2-F2-E2-M4","W1-S1-N1-B1-R1-P1-F1-E2-M1","W2-S1-N1-B1-R2-P1-F1-E2-M1","W2-S3-N1-B2-R2-P2-F2-E2-M1","5600","-0.00171242609440858","0.0704369151661512","-0.000300255266996285","44836.3605123846","4310954.78909919","280802991.897972","16178094.0768558","106.44310295627","3657.95414476357","6031.61446522756","17577.623406297","7899.7829590723","9562.94243406787","920289.248930144","2084837.70714279","645641.786965665","402552.429711455","150113.634738782","107519.981610357"
