"Policy1","Policy2","Policy3","Policy4","MSA","BaselineAdjDeaths","BaselineAdjEmpHours","Deaths","EmpHoursLost","Population"
"W4-S3-N3-E2-M3","W1-S1-N1-E2-M2","W2-S1-N1-E2-M2","W4-S1-N2-E2-M2","1600","0","0","7166.51411067207","116085017.973807","7948739.042392"
"W4-S3-N3-E2-M3","W1-S1-N1-E2-M2","W2-S1-N1-E2-M2","W2-S1-N1-E2-M2","1600","-0.0324970771399626","-0.00483987114935835","6933.62334879293","115523181.444442","7948739.042392"
"W4-S3-N3-E2-M3","W1-S1-N1-E2-M2","W1-S1-N1-E2-M2","W1-S1-N1-E2-M2","1600","-0.0540418676752896","0.668462885257996","6779.22230341003","193683544.023804","7948739.042392"
"W4-S3-N3-E2-M3","W4-S3-N3-E2-M3","W4-S3-N3-E2-M3","W4-S3-N3-E2-M3","1600","7.47177362577185","-0.283593049227589","60713.0852315134","83164113.7569753","7948739.042392"
"W4-S3-N3-E2-M3","W1-S1-N1-E2-M2","W2-S1-N1-E2-M2","W3-S2-N1-E2-M2","1600","-0.0356536379549086","0.20487423217401","6911.00181117142","139867846.898096","7948739.042392"
"W4-S3-N3-E2-M3","W1-S1-N1-E2-M2","W2-S1-N1-E2-M2","W3-S3-N1-E2-M2","1600","-0.0278865498534645","0.205788195080624","6966.66475764925","139973944.298538","7948739.042392"
"W4-S3-N3-E2-M3","W1-S1-N1-E2-M2","W2-S1-N1-E2-M2","W4-S2-N1-E2-M2","1600","-0.00721577574393106","-1.46764378661235e-05","7114.80215198374","116083314.259253","7948739.042392"
"W4-S3-N3-E2-M3","W1-S1-N1-E2-M2","W2-S1-N1-E2-M2","W4-S3-N1-E2-M2","1600","0.00259108686134901","0.00157307796575856","7185.0831712259","116267628.757736","7948739.042392"
