"Policy1","Policy2","Policy3","Policy4","MSA","BaselineAdjDeaths","BaselineAdjEmpHours","Deaths","EmpHoursLost","Population"
"W4-S3-N3-E2-M3","W4-S3-N3-E2-M3","W4-S3-N3-E2-M3","W4-S3-N3-E2-M3","3360","39.1955737669537","1.25107320728238","30924.3767865316","54360082.4510177","5203709.00819545"
"W4-S3-N3-E2-M3","W1-S1-N1-E2-M2","W1-S1-N1-E2-M2","W1-S1-N1-E2-M2","3360","-0.637770727898623","5.11637883277608","278.680298445781","147701485.929355","5203709.00819545"
"W4-S3-N3-E2-M3","W1-S1-N1-E2-M2","W4-S3-N3-E2-M2","W4-S3-N3-E2-M2","3360","0","0","769.347813414115","24148518.260161","5203709.00819545"
"W4-S3-N3-E2-M3","W1-S1-N1-E2-M2","W4-S3-N3-E2-M2","W4-S3-N3-E2-M2","3360","0","0","769.347813414115","24148518.260161","5203709.00819545"
"W4-S3-N3-E2-M3","W1-S1-N1-E2-M2","W4-S3-N3-E2-M2","W1-S1-N1-E2-M2","3360","-0.347603663137734","3.01751244355698","501.919695244363","97016972.6036598","5203709.00819545"
"W4-S3-N3-E2-M3","W1-S1-N1-E2-M2","W4-S3-N3-E2-M2","W4-S3-N1-E2-M2","3360","-0.322511098506677","-0.0189667406231224","521.224604976219","23690499.5778878","5203709.00819545"
"W4-S3-N3-E2-M3","W1-S1-N1-E2-M2","W4-S3-N3-E2-M2","W3-S2-N1-E2-M2","3360","-0.343162181711123","1.49807338568863","505.336739268245","60324770.769524","5203709.00819545"
"W4-S3-N3-E2-M3","W1-S1-N1-E2-M2","W4-S3-N3-E2-M2","W2-S3-N1-E2-M2","3360","-0.336221534157309","-0.0209278520931229","510.67651128745","23643141.6417443","5203709.00819545"
"W4-S3-N3-E2-M3","W1-S1-N1-E2-M2","W4-S3-N3-E2-M2","W4-S3-N1-E1-M2","3360","-0.333382236342408","0.203048764530266","512.860918852975","29051845.0581232","5203709.00819545"
