"beta1","beta2","I0"
0.0185855942914278,0.00964961573394665,2.43512965128987
