"beta1","beta2","I0"
0.0054798919929848,0.00166862711186387,0.142274071586514
