"beta1","beta2","I0"
0.00346054632947326,0.0014932009724312,0.00603608292359957
