"beta1","beta2","I0"
0.00507607140943628,0.00106891324090924,0.128734903587804
