"beta1","beta2","I0"
0.00649827447004974,0.000207207082433973,0.0500366270865863
