"beta1","beta2","I0"
0.0161211507624104,0.0113008731258093,0.121237966433382
