"beta1","beta2","I0"
0.00335358407401359,0.00154970022002095,0.121237966433382
