"beta1","beta2","I0"
0.00224927715148674,0.00146405652427853,0.121237966433382
