"beta1","beta2","I0"
0.00132581871246777,0.000402861312952426,1
