"beta1","beta2","I0"
0.0032437129658512,0.000844016283422153,0.45932374075137
