"beta1","beta2","I0"
0.00081682053603101,0.000401051524447658,0.336216493706733
