"beta1","beta2","I0"
0.0185855942786376,0.00964961572730599,2.43512965128987
