"beta1","beta2","I0"
0.000962250830860178,0.000274575429885552,0.133988674668805
