"Deaths","Case","EmpDaysLost","HospitalizationDays","ICUDays","Population","Death5_15","Death16-29","Death30_39","Death40_49","Death50_59","Death60_69","Death70_79","Death80","Case5_15","Case16-29","Case30_39","Case40_49","Case50_59","Case60_69","Case70_79","Case80"
285.658640903251,48892.0309849948,888122.591477096,12110.9360180282,6055.46800901408,1879012.00040644,2.329243122482,14.4646870985282,14.1223348743773,12.6628425429963,58.6166254573129,143.089567476905,19.3307326497763,21.0426076808726,15360.8522316689,8383.74008812641,7809.26598347792,6836.52156127903,6356.3706888457,3474.71648207951,396.725055089442,273.83889442797
