"Deaths","Case","EmpDaysLost","HospitalizationDays","ICUDays","Population","Death5_15","Death16-29","Death30_39","Death40_49","Death50_59","Death60_69","Death70_79","Death80","Case5_15","Case16-29","Case30_39","Case40_49","Case50_59","Case60_69","Case70_79","Case80"
39671.5646211774,3339182.02026045,115441087.857309,1263405.99982367,631702.999911835,18007949.9142809,36.4409942483784,1232.02152708964,1204.31754036657,1165.92471768042,6034.73002736737,16106.3477225003,6510.66828808217,7381.11380384255,237620.672529929,690249.883599976,639261.045887732,598499.605664783,612427.027924487,362573.432388295,116360.579125678,82189.7731395721
