"I0","beta1","beta2","beta3","beta4"
0.367879441171442,0.000637611231689587,0.000318805615844793,0.000132155407537046,0.000214559488864402
