"beta1","beta2","I0"
0.00960257744368213,0.000550901637263171,0.136695425445524
