"beta1","beta2","I0"
0.00304969559728607,0.00146405652427853,0.222017293831949
