"beta1","beta2","I0"
0.000391482535120754,0.000101301824613885,0.0182242892586773
