"beta1","beta2","I0"
0.0161211507624104,0.00190668759847777,0.151071808836371
