"I0","beta1","beta2","beta3","beta4"
0.00670434134822893,0.0012696881292325,0.00126601319977018,1.93852529137524e-05,0.000280672737684898
