"beta1","beta2","I0"
0.000633350816433669,0.000111736640691893,0.590078323026865
