"beta1","beta2","I0"
0.00231283996967682,0.000997973892846236,0.00603608292359957
