"beta1","beta2","I0"
0.0219054839263317,0.00404903321474493,0.0473589243911409
