"Deaths","Case","EmpDaysLost","HospitalizationDays","ICUDays","Population","Death5_15","Death16-29","Death30_39","Death40_49","Death50_59","Death60_69","Death70_79","Death80","Case5_15","Case16-29","Case30_39","Case40_49","Case50_59","Case60_69","Case70_79","Case80"
6276.1583321262,619481.860111066,26415922.9203883,219725.237561012,109862.618780506,7948739.00359858,6.4376837225556,238.235919829769,236.613733839127,242.450169646678,1227.56888458971,2903.4696464521,724.756983124428,696.625310921837,43197.8968155539,130635.370887014,121019.243497478,119313.435288301,120465.944233832,64130.0757080713,12859.3690949918,7860.52458582414
