"I0","beta1","beta2","beta3","beta4"
0.141564476694134,0.00102988901139938,0.000891383464643392,3.60226875324769e-05,0.000295753386713052
