"I0","beta1","beta2","beta3","beta4"
0.388679570901753,0.000433565417148892,0.000227567917956259,0.000170190604045013,0.000215164927167174
