"beta1","beta2","I0"
0.00525729956037596,0.00163157572563392,0.00273944481876837
