"I0","beta1","beta2","beta3","beta4"
0.235746076555864,0.000637611231689587,0.000318805615844793,0.000107886467922563,0.000171537277729638
