"I0","beta1","beta2","beta3","beta4"
0.235746076555864,0.000429251333396166,0.000227567917956259,0.000149051593656659,0.000167710005887196
