"I0","beta1","beta2","beta3","beta4"
0.235746076555864,0.00113390873866538,0.00104750676700839,0.00025826880031089,0.000220784213908729
