"Deaths","Case","EmpDaysLost","HospitalizationDays","ICUDays","Population","Death5_15","Death16-29","Death30_39","Death40_49","Death50_59","Death60_69","Death70_79","Death80","Case5_15","Case16-29","Case30_39","Case40_49","Case50_59","Case60_69","Case70_79","Case80"
199.085528565183,29575.0289450169,628364.722013354,9862.0090594905,4931.00452974525,2267271.97884225,0.111139704828675,6.99879467070861,10.0219371640053,9.39985688411618,45.0779928308384,105.119955039604,10.6977632325846,11.6580890384969,800.497813245619,5354.96063799417,7100.38495237744,6459.08117965062,6214.80546828972,3174.16110703482,283.205742975283,187.932043449233
