"beta1","beta2","I0"
0.000844692494656959,0.000100029374367272,0.0820849986238988
