"beta1","beta2","I0"
0.000931630252011058,0.000103136682400251,0.369723444544059
