"beta1","beta2","I0"
0.00112925047944434,9.87262206979827e-05,0.234570288093798
