"I0","beta1","beta2","beta3","beta4"
0.00261890234836329,0.00162064389288432,0.00149018389697187,5.32864772036796e-05,0.000234736119405864
