"beta1","beta2","I0"
0.00165976849055827,0.000474358148382815,0.0784730519807207
